{"cameraMode":{"drawMode":0,"name":"Shaded","section":"Shading Mode"},"sceneLighting":true,"audioPlay":false,"sceneViewState":{"showFog":true,"showMaterialUpdate":false,"showSkybox":true,"showFlares":true,"showImageEffects":true,"showParticleSystems":true},"in2DMode":false,"pivot":{"x":-13.26648998260498,"y":-11.2136812210083,"z":-4.593367099761963},"rotation":{"x":-0.184415802359581,"y":0.7890223860740662,"z":-0.28384992480278017,"w":-0.5128099322319031},"size":9.893437385559082,"orthographic":false}